Parameter,Estimate,StdError
σ_ζ,0.022853919013786687,0.004847789788113542
σ_ϵ,0.03863817595174229,0.004847789788113542
