Parameter,BPP,True
α_ϵ,0.8234579850953945,0.8163002493415965
α_ζ,0.22656261271260458,0.2675832555063089
