age_group,deterministic_component_1
25,137237.1229635281
30,161046.344190404
35,132857.6618496725
40,131357.6023457579
45,125370.262234457
50,119751.5771362332
55,91240.46252159786
60,53396.81413279034
65,8935.1501239216
70,1632.681642230608
