age_group,deterministic_component_3
25,139110.7753917881
30,169372.8500860873
35,202436.7082799496
40,217735.0899894813
45,239532.1715329652
50,237201.1201545186
55,221882.5040126232
60,139992.7024959516
65,39311.24052059674
70,9000.875669870475
